INSERT INTO public.entity(id, name, description) values (10001, 'entity_1', null);
INSERT INTO public.entity(id, name, description) values (10002, 'entity_2', 'description_2');
INSERT INTO public.entity(id, name, description) values (10003, 'entity_3', null);
INSERT INTO public.entity(id, name, description) values (10004, 'entity_4', null);
INSERT INTO public.entity(id, name, description) values (10005, 'entity_5', null);
INSERT INTO public.entity(id, name, description) values (10006, 'entity_6', null);
INSERT INTO public.entity(id, name, description) values (10007, 'entity_7', null);
INSERT INTO public.entity(id, name, description) values (10008, 'entity_8', null);
INSERT INTO public.entity(id, name, description) values (10009, 'entity_9', null);
INSERT INTO public.entity(id, name, description) values (100010, 'entity_10', null);
INSERT INTO public.entity(id, name, description) values (100011, 'entity_11', null);
INSERT INTO public.entity(id, name, description) values (100012, 'entity_12', null);
INSERT INTO public.entity(id, name, description) values (100013, 'entity_13', null);


INSERT INTO public.attribute(id, name, description, entity_id) values(10001, 'attribute_1', 'description_1', 100013);
INSERT INTO public.metadata(id, data_type) values(10001, 'STRING');

INSERT INTO public.attribute(id, name, description, entity_id) values(10002, 'attribute_2', 'description_2', 100013);
INSERT INTO public.metadata(id, data_type) values(10002, 'STRING');

INSERT INTO public.attribute(id, name, description, entity_id) values(10003, 'attribute_3', 'description_3', 100013);
INSERT INTO public.metadata(id, data_type) values(10003, 'STRING');

INSERT INTO public.attribute(id, name, description, entity_id) values(10004, 'attribute_4', 'description_4', 100013);
INSERT INTO public.metadata(id, data_type) values(10004, 'STRING');

INSERT INTO public.attribute(id, name, description, entity_id) values(10005, 'attribute_51', 'description_5', 100013);
INSERT INTO public.metadata(id, data_type) values(10005, 'STRING');

INSERT INTO public.attribute(id, name, description, entity_id) values(10006, 'attribute_6', 'description_6', 100013);
INSERT INTO public.metadata(id, data_type) values(10006, 'STRING');

INSERT INTO public.attribute(id, name, description, entity_id) values(10007, 'attribute_7', 'description_7', 100013);
INSERT INTO public.metadata(id, data_type) values(10007, 'STRING');

INSERT INTO public.attribute(id, name, description, entity_id) values(10008, 'attribute_8', 'description_1', 100013);
INSERT INTO public.metadata(id, data_type) values(10008, 'STRING');

INSERT INTO public.attribute(id, name, description, entity_id) values(10009, 'attribute_9', 'description_9', 100013);
INSERT INTO public.metadata(id, data_type) values(10009, 'STRING');

INSERT INTO public.attribute(id, name, description, entity_id) values(100010, 'attribute_10', 'description_10', 100013);
INSERT INTO public.metadata(id, data_type) values(100010, 'STRING');

INSERT INTO public.attribute(id, name, description, entity_id) values(100011, 'attribute_11', 'description_11', 100013);
INSERT INTO public.metadata(id, data_type) values(100011, 'STRING');