INSERT INTO public.entity_type(id, name, description)  values (10001, 'entity_type_1', null);
INSERT INTO public.entity_type(id, name, description)  values (10002, 'entity_type_2', 'description_2');
INSERT INTO public.entity_type(id, name, description)  values (10003, 'entity_type_3', null);
INSERT INTO public.entity_type(id, name, description)  values (10004, 'entity_type_4', null);
INSERT INTO public.entity_type(id, name, description)  values (10005, 'entity_type_5', null);
INSERT INTO public.entity_type(id, name, description)  values (10006, 'entity_type_6', null);
INSERT INTO public.entity_type(id, name, description)  values (10007, 'entity_type_7', null);
INSERT INTO public.entity_type(id, name, description)  values (10008, 'entity_type_8', null);
INSERT INTO public.entity_type(id, name, description)  values (10009, 'entity_type_9', null);
INSERT INTO public.entity_type(id, name, description)  values (100010, 'entity_type_10', null);
INSERT INTO public.entity_type(id, name, description)  values (100011, 'entity_type_11', null);
INSERT INTO public.entity_type(id, name, description)  values (100012, 'entity_type_12', null);
INSERT INTO public.entity_type(id, name, description)  values (100013, 'entity_type_13', null);

INSERT INTO public.entity(id, entity_type_id) values (10001, 10001);
INSERT INTO public.entity(id, entity_type_id) values (10002, 10001);
INSERT INTO public.entity(id, entity_type_id) values (10003, 10001);
INSERT INTO public.entity(id, entity_type_id) values (10004, 10001);
INSERT INTO public.entity(id, entity_type_id) values (10005, 10001);
INSERT INTO public.entity(id, entity_type_id) values (10006, 10001);
INSERT INTO public.entity(id, entity_type_id) values (10007, 10001);
INSERT INTO public.entity(id, entity_type_id) values (10008, 10001);
INSERT INTO public.entity(id, entity_type_id) values (10009, 10001);
INSERT INTO public.entity(id, entity_type_id) values (100010, 10001);
INSERT INTO public.entity(id, entity_type_id) values (100011, 10001);
INSERT INTO public.entity(id, entity_type_id) values (100012, 10001);
INSERT INTO public.entity(id, entity_type_id) values (100013, 10001);

/*
INSERT INTO public.attribute(id, name, description, entity_id) values(10001, 'attribute_1', 'description_1', 100013);
INSERT INTO public.metadata(id, data_type, required, repeatable) values(10001, 'STRING', false, false);

INSERT INTO public.attribute(id, name, description, entity_id) values(10002, 'attribute_2', 'description_2', 100013);
INSERT INTO public.metadata(id, data_type, required, repeatable) values(10002, 'STRING', false, false);

INSERT INTO public.attribute(id, name, description, entity_id) values(10003, 'attribute_3', 'description_3', 100013);
INSERT INTO public.metadata(id, data_type, required, repeatable) values(10003, 'STRING', false, false);

INSERT INTO public.attribute(id, name, description, entity_id) values(10004, 'attribute_4', 'description_4', 100013);
INSERT INTO public.metadata(id, data_type, required, repeatable) values(10004, 'STRING', false, false);

INSERT INTO public.attribute(id, name, description, entity_id) values(10005, 'attribute_51', 'description_5', 100013);
INSERT INTO public.metadata(id, data_type, required, repeatable) values(10005, 'STRING', false, false);

INSERT INTO public.attribute(id, name, description, entity_id) values(10006, 'attribute_6', 'description_6', 100013);
INSERT INTO public.metadata(id, data_type, required, repeatable) values(10006, 'STRING', false, false);

INSERT INTO public.attribute(id, name, description, entity_id) values(10007, 'attribute_7', 'description_7', 100013);
INSERT INTO public.metadata(id, data_type, required, repeatable) values(10007, 'STRING', false, false);

INSERT INTO public.attribute(id, name, description, entity_id) values(10008, 'attribute_8', 'description_1', 100013);
INSERT INTO public.metadata(id, data_type, required, repeatable) values(10008, 'STRING', false, false);

INSERT INTO public.attribute(id, name, description, entity_id) values(10009, 'attribute_9', 'description_9', 100013);
INSERT INTO public.metadata(id, data_type, required, repeatable) values(10009, 'STRING', false, false);

INSERT INTO public.attribute(id, name, description, entity_id) values(100010, 'attribute_10', 'description_10', 100013);
INSERT INTO public.metadata(id, data_type, required, repeatable) values(100010, 'STRING', false, false);

INSERT INTO public.attribute(id, name, description, entity_id) values(100011, 'attribute_11', 'description_11', 100013);
INSERT INTO public.metadata(id, data_type, required, repeatable) values(100011, 'STRING', false, false);
*/